Brand,Processor,RAM_GB,Storage_GB,GPU,Screen_Size,Weight_kg,Battery_Hours,Price_USD
MSI,AMD Ryzen 5,32,256,RTX 3050,13.3,2.08,8.7,1838.27
ASUS,AMD Ryzen 7,16,512,RTX 4070,17.3,2.62,8.6,3119.85
Acer,Intel i3,64,128,RTX 3070,16.0,2.25,4.4,2827.76
MSI,Intel i3,4,128,RTX 3050,13.3,2.99,6.5,1175.71
Lenovo,Intel i3,64,1024,RTX 3050,13.3,3.49,8.0,2708.12
Samsung,AMD Ryzen 3,4,2048,RTX 4070,17.3,1.64,5.7,3922.28
Acer,Intel i9,8,512,GTX 1650,16.0,2.26,11.0,1734.01
Acer,AMD Ryzen 3,4,2048,RTX 3070,13.3,2.19,4.7,3011.13
MSI,Intel i9,32,1024,GTX 1650,13.3,1.9,7.9,2708.93
Dell,AMD Ryzen 9,16,128,RTX 3050,16.0,1.66,9.5,2051.15
Lenovo,AMD Ryzen 3,8,2048,RTX 3070,15.6,1.35,6.1,2974.65
MSI,AMD Ryzen 3,4,2048,RTX 3050,13.3,3.24,9.0,2680.05
Lenovo,AMD Ryzen 5,64,128,RTX 3060,14.0,2.17,10.6,2236.34
Lenovo,Intel i7,8,512,RTX 4070,16.0,2.34,5.5,2637.05
Samsung,AMD Ryzen 3,8,128,RTX 4060,13.3,3.31,11.3,1656.93
Acer,AMD Ryzen 5,4,2048,RTX 3070,17.3,2.99,8.4,3611.94
ASUS,Intel i5,8,512,RTX 3070,14.0,1.5,6.4,2381.06
Samsung,Intel i7,64,512,RTX 4060,13.3,2.5,7.4,3126.97
Samsung,AMD Ryzen 9,8,128,RTX 3050,14.0,2.22,6.5,1755.22
Lenovo,AMD Ryzen 3,64,2048,RTX 3060,14.0,3.03,9.8,3527.42
Apple,AMD Ryzen 7,4,1024,GTX 1660,15.6,2.87,10.4,2934.09
Acer,Intel i3,16,2048,RTX 4060,14.0,2.79,10.7,3020.3
Dell,Intel i5,8,256,RTX 4070,15.6,1.98,11.9,2089.87
Samsung,Intel i5,16,1024,GTX 1650,16.0,3.05,10.3,2277.82
ASUS,AMD Ryzen 9,64,512,RTX 3050,15.6,1.32,8.8,2982.48
Apple,AMD Ryzen 5,8,1024,RTX 4060,17.3,1.57,6.7,2841.48
Apple,Intel i5,32,512,RTX 4060,13.3,1.97,8.4,3050.94
Dell,Intel i7,16,512,RTX 3070,16.0,1.38,4.3,2764.37
Samsung,AMD Ryzen 3,8,1024,GTX 1650,16.0,1.74,10.0,1824.97
ASUS,AMD Ryzen 3,16,512,GTX 1650,17.3,3.11,7.6,1765.58
Acer,AMD Ryzen 7,8,512,RTX 4070,15.6,3.38,4.2,2570.78
HP,AMD Ryzen 9,4,256,GTX 1650,13.3,1.9,4.5,1603.85
ASUS,Intel i3,16,2048,RTX 4060,15.6,1.81,7.1,2975.75
Dell,AMD Ryzen 5,32,2048,GTX 1660,14.0,1.84,8.7,2917.06
Apple,Intel i3,32,256,Integrated,15.6,1.84,7.7,1760.44
Acer,Intel i5,64,1024,RTX 3050,16.0,1.28,9.0,3181.86
ASUS,AMD Ryzen 9,8,128,Integrated,13.3,3.33,7.8,1480.66
HP,AMD Ryzen 7,16,128,RTX 4060,15.6,1.69,9.3,1804.86
HP,Intel i3,64,128,Integrated,13.3,2.17,5.8,1456.18
Lenovo,Intel i7,16,256,RTX 4060,13.3,1.22,4.9,2137.46
Lenovo,AMD Ryzen 3,8,256,Integrated,14.0,3.17,8.8,810.53
MSI,Intel i5,32,512,GTX 1650,14.0,2.88,7.9,1992.63
Dell,AMD Ryzen 7,4,128,RTX 3060,16.0,3.38,4.2,1601.51
Samsung,Intel i3,32,1024,GTX 1650,17.3,3.0,7.0,2120.12
ASUS,AMD Ryzen 5,64,1024,GTX 1650,13.3,1.92,4.8,2806.46
ASUS,Intel i7,4,128,RTX 4070,17.3,1.77,8.3,2488.11
Samsung,Intel i7,64,128,RTX 3070,16.0,2.8,7.2,2974.99
MSI,Intel i3,8,128,RTX 3070,13.3,2.04,8.9,1685.74
Apple,AMD Ryzen 3,4,256,Integrated,13.3,2.5,10.4,1206.0
Apple,Intel i3,64,256,RTX 4060,17.3,1.21,6.4,2811.2
MSI,Intel i5,8,256,RTX 4070,15.6,1.34,11.7,2419.97
Apple,Intel i3,32,2048,GTX 1650,14.0,2.43,8.3,3574.46
Lenovo,Intel i7,8,1024,RTX 4070,15.6,2.5,8.9,2797.26
ASUS,AMD Ryzen 7,16,1024,Integrated,17.3,2.93,9.4,2356.39
MSI,Intel i3,8,512,RTX 3070,14.0,1.5,9.3,1994.54
ASUS,AMD Ryzen 3,8,256,RTX 3060,15.6,2.38,8.1,1622.65
Samsung,AMD Ryzen 9,16,2048,RTX 3050,14.0,1.65,7.4,3500.13
HP,AMD Ryzen 7,64,2048,Integrated,13.3,1.41,4.4,3703.47
Lenovo,AMD Ryzen 5,64,1024,RTX 4070,15.6,2.14,4.2,3499.44
Acer,Intel i9,8,256,RTX 3060,14.0,1.58,6.9,1979.27
Lenovo,Intel i3,16,512,RTX 3050,14.0,1.71,6.7,1781.49
MSI,AMD Ryzen 3,16,256,GTX 1660,14.0,1.93,7.1,1422.6
Acer,AMD Ryzen 7,32,128,Integrated,15.6,1.8,5.1,1449.41
HP,AMD Ryzen 3,64,256,Integrated,16.0,1.4,9.9,1703.09
MSI,AMD Ryzen 5,4,128,GTX 1660,15.6,1.41,10.9,1461.48
Dell,Intel i7,64,128,GTX 1660,17.3,1.64,11.5,2218.72
ASUS,AMD Ryzen 3,64,512,Integrated,15.6,1.32,7.9,1861.52
HP,AMD Ryzen 7,32,1024,GTX 1660,14.0,2.64,9.6,2472.37
ASUS,AMD Ryzen 3,4,256,GTX 1650,13.3,1.86,10.8,993.56
Apple,AMD Ryzen 3,32,128,RTX 3050,15.6,1.84,7.3,2145.77
Dell,AMD Ryzen 3,4,256,RTX 3050,15.6,1.96,6.5,1423.52
Dell,Intel i5,8,1024,RTX 3050,14.0,2.72,11.5,2194.14
HP,Intel i5,4,1024,GTX 1650,13.3,3.2,8.1,1855.18
Dell,Intel i7,32,2048,RTX 4060,13.3,2.95,8.0,3837.67
Acer,Intel i3,64,1024,GTX 1660,17.3,2.87,5.4,2561.83
Dell,AMD Ryzen 3,4,512,RTX 3060,15.6,2.31,4.9,1813.56
ASUS,AMD Ryzen 5,4,128,GTX 1660,13.3,2.8,10.7,1126.82
ASUS,Intel i3,16,2048,Integrated,13.3,2.47,8.9,2381.24
MSI,AMD Ryzen 5,64,512,RTX 3070,16.0,1.7,6.6,3438.46
ASUS,Intel i3,8,256,RTX 4070,16.0,1.68,5.5,2165.5
MSI,Intel i7,32,128,RTX 4070,13.3,1.88,8.4,2934.46
ASUS,AMD Ryzen 3,8,1024,RTX 3050,17.3,3.29,8.7,1979.9
Acer,AMD Ryzen 3,64,128,GTX 1660,13.3,2.46,5.7,1868.07
Samsung,Intel i9,4,256,RTX 3060,14.0,2.89,10.8,2048.77
MSI,AMD Ryzen 5,4,2048,Integrated,15.6,2.0,4.7,2716.46
Lenovo,Intel i3,64,2048,GTX 1650,17.3,2.14,6.8,3724.19
Apple,Intel i3,4,2048,RTX 4060,14.0,1.49,9.4,3405.28
HP,AMD Ryzen 9,4,1024,GTX 1650,17.3,1.59,6.2,2234.6
ASUS,AMD Ryzen 9,4,512,RTX 3060,14.0,3.1,10.6,2108.98
Dell,Intel i5,32,512,Integrated,15.6,2.55,9.9,1602.58
Samsung,Intel i9,32,128,RTX 3050,15.6,1.98,10.3,2491.9
ASUS,AMD Ryzen 7,16,1024,GTX 1660,16.0,3.05,5.0,2609.01
Dell,AMD Ryzen 9,8,2048,Integrated,14.0,1.77,5.1,2789.47
Apple,AMD Ryzen 7,64,2048,RTX 4070,16.0,3.44,6.3,5489.87
Apple,Intel i5,64,256,RTX 4060,14.0,1.99,8.1,3310.89
Apple,Intel i5,64,256,GTX 1650,16.0,1.98,10.0,2696.01
Dell,Intel i5,16,2048,RTX 4060,15.6,1.92,10.7,3539.29
ASUS,AMD Ryzen 5,32,2048,RTX 4060,17.3,1.48,9.6,3988.55
Apple,AMD Ryzen 5,16,1024,RTX 3060,16.0,1.46,11.4,2793.75
Acer,Intel i7,64,512,RTX 3060,14.0,2.69,9.9,2666.69
MSI,Intel i7,8,256,GTX 1660,14.0,3.21,6.5,1543.54
Dell,Intel i5,4,512,RTX 3060,15.6,3.02,6.1,2091.93
Dell,Intel i9,32,1024,RTX 3060,14.0,1.52,9.6,3423.02
ASUS,Intel i3,32,2048,Integrated,13.3,2.45,5.5,2851.71
Dell,AMD Ryzen 5,16,512,RTX 4070,17.3,1.44,4.7,2428.83
Dell,Intel i9,32,2048,RTX 3050,16.0,1.3,8.3,3837.68
Apple,AMD Ryzen 3,64,2048,GTX 1660,17.3,2.71,10.6,3652.43
ASUS,AMD Ryzen 5,64,128,Integrated,15.6,2.43,4.8,1726.12
Apple,AMD Ryzen 5,16,512,RTX 3050,16.0,1.39,10.3,2378.62
MSI,Intel i7,64,512,RTX 4060,16.0,1.28,10.5,3560.02
Samsung,Intel i3,8,2048,Integrated,13.3,3.48,7.9,2564.63
MSI,Intel i3,16,1024,RTX 3070,15.6,1.27,4.5,2846.99
Samsung,AMD Ryzen 9,8,128,Integrated,14.0,2.22,5.4,1408.78
Apple,AMD Ryzen 7,4,2048,RTX 3060,13.3,2.36,9.7,3540.9
MSI,AMD Ryzen 7,8,256,RTX 3050,13.3,1.47,9.7,1684.42
ASUS,AMD Ryzen 7,4,256,GTX 1660,17.3,1.59,11.2,1759.0
HP,AMD Ryzen 7,4,128,GTX 1660,17.3,2.01,8.7,1540.2
Apple,AMD Ryzen 3,8,1024,RTX 3050,17.3,2.95,5.0,2353.84
Samsung,AMD Ryzen 3,16,2048,RTX 3060,13.3,2.37,5.0,3013.09
Acer,AMD Ryzen 5,64,512,GTX 1650,14.0,2.67,9.8,2011.72
Samsung,Intel i5,64,128,Integrated,16.0,3.47,5.5,1908.38
Acer,Intel i7,4,1024,RTX 3060,17.3,2.97,6.6,2430.29
Dell,Intel i7,4,512,RTX 3070,14.0,2.2,7.9,2123.44
MSI,AMD Ryzen 7,16,256,RTX 4070,15.6,2.23,4.2,2657.23
Acer,AMD Ryzen 5,32,256,RTX 4060,17.3,2.62,6.0,2348.49
Samsung,AMD Ryzen 9,8,512,RTX 3050,16.0,2.73,7.3,2377.65
Dell,Intel i9,4,128,RTX 4070,15.6,2.35,6.2,2383.24
HP,Intel i5,64,256,Integrated,15.6,2.68,5.1,1824.87
ASUS,AMD Ryzen 5,16,2048,GTX 1660,16.0,1.25,9.8,3031.64
ASUS,Intel i5,8,512,RTX 4060,17.3,2.19,10.5,2131.37
ASUS,Intel i5,16,512,RTX 4070,13.3,1.84,6.1,2441.12
Acer,Intel i5,8,256,GTX 1650,16.0,1.5,10.2,1299.86
HP,AMD Ryzen 5,8,128,RTX 4070,16.0,1.43,7.1,2132.8
Acer,AMD Ryzen 7,4,2048,RTX 3070,16.0,2.59,8.1,3691.54
MSI,Intel i7,16,128,GTX 1660,15.6,2.4,10.8,1754.75
Acer,Intel i7,16,1024,RTX 3050,14.0,1.78,10.0,2407.83
HP,AMD Ryzen 7,64,1024,Integrated,13.3,2.28,10.4,2486.27
HP,Intel i5,64,256,RTX 3050,17.3,2.33,5.1,2213.76
MSI,Intel i9,4,256,RTX 4060,17.3,1.65,4.6,2638.08
HP,Intel i3,4,256,Integrated,14.0,2.7,11.1,829.12
Samsung,AMD Ryzen 5,32,1024,RTX 3060,16.0,3.0,7.1,3042.47
HP,Intel i3,64,128,GTX 1650,13.3,3.02,6.3,1857.76
ASUS,AMD Ryzen 9,8,128,RTX 3060,17.3,2.59,9.8,2432.47
Samsung,AMD Ryzen 7,16,256,RTX 3060,17.3,2.38,10.7,2368.64
Samsung,Intel i9,4,2048,RTX 3050,16.0,1.34,10.9,3643.03
MSI,AMD Ryzen 5,16,128,RTX 4060,14.0,1.86,6.5,1915.48
Lenovo,AMD Ryzen 7,16,1024,GTX 1650,13.3,1.41,10.8,2111.94
Lenovo,Intel i5,32,512,RTX 4070,14.0,3.42,4.3,2982.51
HP,Intel i7,64,512,Integrated,14.0,1.51,4.4,2340.86
Samsung,Intel i3,4,512,Integrated,13.3,1.55,9.0,999.19
Lenovo,AMD Ryzen 3,16,2048,RTX 3070,13.3,3.25,4.5,3475.48
Lenovo,AMD Ryzen 3,4,256,GTX 1660,17.3,3.37,6.6,1194.3
HP,Intel i9,8,1024,RTX 3070,17.3,2.96,9.4,3120.99
Lenovo,Intel i5,32,2048,RTX 4070,13.3,1.21,6.7,3689.14
Acer,AMD Ryzen 9,8,1024,RTX 3070,15.6,1.2,5.4,3079.19
Dell,Intel i3,4,1024,Integrated,17.3,2.07,6.3,1768.27
MSI,Intel i5,4,256,RTX 3050,15.6,1.53,7.7,1571.05
Dell,Intel i3,64,512,RTX 3060,13.3,1.24,7.8,2322.71
HP,Intel i9,16,256,RTX 4060,17.3,2.27,10.3,2360.67
ASUS,Intel i9,16,2048,RTX 3060,14.0,3.37,10.0,3924.17
MSI,AMD Ryzen 9,8,2048,RTX 3060,13.3,1.94,7.7,3610.37
HP,AMD Ryzen 3,32,2048,GTX 1650,16.0,2.72,10.8,2812.78
Samsung,Intel i5,16,256,Integrated,15.6,2.7,4.9,1269.29
ASUS,AMD Ryzen 5,64,1024,RTX 4070,13.3,1.78,6.0,3611.16
Dell,AMD Ryzen 3,8,1024,RTX 4070,13.3,2.7,10.6,2461.24
HP,Intel i5,8,128,RTX 4060,17.3,1.69,7.0,1869.98
Samsung,AMD Ryzen 3,64,2048,RTX 3050,17.3,1.48,11.8,3463.04
MSI,AMD Ryzen 5,32,1024,GTX 1650,17.3,2.81,7.7,2609.59
MSI,Intel i7,64,128,GTX 1660,16.0,1.46,10.3,2418.43
Apple,Intel i7,32,1024,RTX 3050,17.3,3.49,7.2,3347.01
Samsung,AMD Ryzen 9,64,2048,RTX 3070,13.3,1.62,7.4,4569.18
Acer,Intel i7,64,512,RTX 3050,17.3,2.57,7.1,2866.88
Lenovo,Intel i7,4,2048,RTX 3050,14.0,2.15,9.8,3254.55
ASUS,AMD Ryzen 7,8,256,RTX 3060,17.3,1.49,8.4,2200.47
Samsung,Intel i3,64,1024,RTX 3050,16.0,1.26,11.6,2978.07
Apple,AMD Ryzen 7,64,1024,RTX 4070,14.0,2.63,6.0,4291.86
Lenovo,AMD Ryzen 7,16,256,RTX 3070,13.3,3.06,4.8,2311.92
Lenovo,AMD Ryzen 9,8,256,RTX 3070,13.3,3.14,7.1,2428.18
HP,AMD Ryzen 7,16,512,Integrated,15.6,2.31,8.9,1456.21
Lenovo,Intel i7,8,1024,RTX 3050,14.0,2.99,10.9,2372.28
Acer,AMD Ryzen 5,16,1024,RTX 3060,15.6,2.75,6.8,2349.06
MSI,AMD Ryzen 9,64,512,RTX 3050,14.0,2.87,9.2,2986.51
Apple,AMD Ryzen 9,64,128,GTX 1660,14.0,2.33,6.8,3158.28
Lenovo,Intel i9,4,512,GTX 1660,16.0,2.66,8.9,1978.14
HP,AMD Ryzen 9,16,2048,RTX 3060,15.6,3.05,11.1,3672.45
Acer,Intel i9,32,1024,Integrated,16.0,2.12,5.9,2361.69
Dell,AMD Ryzen 9,4,256,Integrated,14.0,3.05,7.2,1359.14
MSI,Intel i3,16,2048,RTX 3070,13.3,2.56,11.9,3184.24
MSI,Intel i7,16,1024,RTX 3070,14.0,1.58,10.9,3099.99
Apple,AMD Ryzen 9,4,512,GTX 1650,16.0,1.26,8.5,2836.82
MSI,Intel i7,64,2048,RTX 3060,15.6,2.03,8.1,4212.48
Lenovo,Intel i7,16,1024,RTX 3050,15.6,2.46,6.3,2203.11
HP,AMD Ryzen 3,64,128,RTX 4060,16.0,3.13,8.1,2209.41
MSI,AMD Ryzen 9,4,128,RTX 3060,15.6,1.49,10.8,2444.63
MSI,Intel i5,64,256,GTX 1650,17.3,3.04,9.5,2421.67
Dell,AMD Ryzen 3,8,1024,RTX 3070,13.3,3.18,6.3,2354.63
Dell,Intel i5,32,128,RTX 3060,13.3,1.55,5.6,1735.71
ASUS,Intel i7,16,512,RTX 3060,13.3,3.16,6.1,2284.5
Acer,Intel i7,32,1024,RTX 3070,15.6,3.48,5.4,3106.54
Lenovo,AMD Ryzen 3,64,512,RTX 4070,15.6,2.87,4.8,2913.74
MSI,AMD Ryzen 3,16,512,GTX 1650,14.0,3.0,7.4,1398.79
Samsung,Intel i5,64,128,RTX 3070,14.0,3.49,4.9,2727.27
MSI,Intel i9,8,1024,Integrated,13.3,2.59,5.4,2544.97
HP,Intel i5,4,2048,RTX 3050,17.3,1.91,8.4,3179.9
ASUS,AMD Ryzen 3,16,128,RTX 3070,14.0,3.13,5.3,1876.47
Acer,AMD Ryzen 5,8,128,GTX 1650,14.0,2.61,4.5,1114.67
Samsung,AMD Ryzen 3,8,1024,GTX 1660,15.6,2.54,6.5,1789.94
ASUS,AMD Ryzen 5,16,1024,Integrated,17.3,1.78,5.8,2028.08
Apple,Intel i3,64,512,GTX 1660,13.3,2.94,8.1,2670.91
Acer,AMD Ryzen 3,8,1024,RTX 4060,14.0,1.39,4.8,2012.33
MSI,Intel i3,32,512,RTX 3070,17.3,3.33,10.0,2856.43
MSI,Intel i9,8,128,Integrated,17.3,1.95,11.2,1753.49
Acer,Intel i5,64,256,RTX 3050,13.3,1.49,9.9,2115.33
MSI,AMD Ryzen 5,64,2048,RTX 3070,17.3,2.22,8.3,4635.03
Lenovo,Intel i5,32,128,RTX 3050,17.3,1.3,10.9,1931.92
Acer,Intel i3,8,1024,RTX 4070,17.3,2.77,9.6,2838.03
ASUS,AMD Ryzen 5,64,2048,RTX 3060,14.0,3.28,4.1,3659.31
Acer,Intel i5,16,256,GTX 1660,13.3,3.13,7.2,1473.56
Samsung,AMD Ryzen 3,4,256,Integrated,17.3,1.49,10.8,1056.7
MSI,Intel i7,4,512,RTX 3050,17.3,1.49,6.8,2112.41
Lenovo,Intel i3,4,2048,GTX 1650,14.0,3.07,4.3,2711.39
Lenovo,Intel i5,8,512,RTX 3050,13.3,3.33,10.0,1705.32
Apple,Intel i3,32,128,GTX 1650,15.6,2.26,10.4,1673.93
ASUS,AMD Ryzen 7,64,2048,RTX 3070,14.0,2.35,5.3,4667.44
Dell,Intel i3,16,128,Integrated,13.3,1.93,8.3,833.95
Dell,AMD Ryzen 5,16,512,RTX 3050,17.3,3.26,5.5,1767.62
Acer,AMD Ryzen 7,8,2048,RTX 4060,13.3,2.68,9.8,3147.78
Apple,AMD Ryzen 9,4,512,RTX 3050,13.3,1.86,6.2,3048.5
HP,AMD Ryzen 5,8,2048,RTX 4070,13.3,1.89,6.5,3270.92
Acer,Intel i7,32,512,RTX 4060,15.6,3.25,10.8,2565.22
Apple,AMD Ryzen 7,32,256,Integrated,13.3,1.23,7.8,1957.97
ASUS,AMD Ryzen 9,64,512,RTX 4070,15.6,1.94,9.4,3978.26
ASUS,AMD Ryzen 3,64,256,RTX 3050,17.3,2.48,7.2,2328.54
ASUS,Intel i3,32,512,GTX 1650,15.6,1.54,6.4,1859.2
ASUS,Intel i5,32,2048,RTX 3050,17.3,1.41,9.0,3274.05
ASUS,Intel i9,32,2048,GTX 1660,17.3,3.08,5.2,4089.91
Apple,Intel i3,8,2048,RTX 3070,15.6,3.26,7.0,4054.01
Apple,AMD Ryzen 9,32,1024,RTX 3060,14.0,3.09,5.7,3966.39
Lenovo,Intel i3,16,128,GTX 1650,16.0,3.27,9.6,1215.81
Samsung,Intel i7,4,2048,GTX 1660,13.3,2.47,11.6,3225.05
Dell,AMD Ryzen 3,32,256,RTX 4060,16.0,3.07,12.0,1858.09
MSI,Intel i9,4,2048,RTX 3070,13.3,2.08,7.6,4229.33
ASUS,AMD Ryzen 7,8,1024,Integrated,13.3,2.73,6.0,1988.93
HP,AMD Ryzen 7,4,256,GTX 1650,17.3,3.47,7.5,1327.26
MSI,AMD Ryzen 7,8,1024,RTX 3060,13.3,1.72,10.8,2536.12
Apple,AMD Ryzen 9,16,256,RTX 3070,13.3,2.1,5.6,3057.88
HP,AMD Ryzen 5,8,512,RTX 4060,15.6,2.3,11.6,2011.0
HP,AMD Ryzen 5,8,128,RTX 4070,16.0,1.52,6.7,2160.13
HP,Intel i5,64,128,RTX 4070,15.6,1.39,11.9,2826.25
Lenovo,Intel i9,32,1024,RTX 3060,13.3,3.11,10.7,3044.64
Apple,AMD Ryzen 7,32,128,Integrated,17.3,3.45,10.5,2095.64
HP,AMD Ryzen 5,16,1024,Integrated,15.6,2.13,6.5,1766.81
ASUS,AMD Ryzen 9,16,1024,RTX 4060,15.6,1.4,4.1,2885.84
Acer,Intel i5,32,1024,GTX 1650,14.0,1.35,7.1,2333.78
HP,AMD Ryzen 3,64,128,RTX 4060,13.3,3.25,6.4,2031.67
Lenovo,Intel i5,32,1024,RTX 3050,17.3,2.27,4.3,2795.3
MSI,AMD Ryzen 5,64,128,Integrated,15.6,1.94,8.0,2033.64
Apple,Intel i7,16,1024,RTX 3070,15.6,2.3,7.2,3410.38
Samsung,AMD Ryzen 9,4,2048,RTX 3050,17.3,1.93,9.1,3732.81
Lenovo,Intel i7,16,1024,RTX 4070,13.3,2.32,9.0,3018.87
HP,AMD Ryzen 7,16,256,RTX 4070,14.0,3.18,5.0,2369.38
Apple,Intel i7,8,1024,GTX 1660,15.6,2.56,11.8,2590.16
Acer,AMD Ryzen 7,8,512,RTX 3060,14.0,2.8,5.5,1873.52
HP,AMD Ryzen 7,8,1024,RTX 3050,16.0,2.04,7.6,2146.94
Lenovo,AMD Ryzen 5,8,256,RTX 3060,13.3,2.9,7.9,1441.46
Dell,Intel i7,64,256,RTX 4060,16.0,2.73,10.5,2813.8
ASUS,AMD Ryzen 7,32,128,RTX 3050,16.0,1.47,4.8,1857.64
Samsung,Intel i9,4,2048,RTX 4060,16.0,2.52,7.4,3680.26
MSI,AMD Ryzen 3,16,1024,GTX 1660,13.3,1.79,9.0,1829.38
Lenovo,Intel i5,64,128,Integrated,13.3,3.05,5.7,1619.44
Apple,Intel i5,4,2048,RTX 4070,17.3,2.18,9.0,3931.57
Samsung,AMD Ryzen 5,64,1024,GTX 1660,14.0,3.49,11.4,3167.03
Samsung,Intel i7,64,512,RTX 4070,14.0,1.41,12.0,3133.16
Samsung,Intel i7,16,1024,Integrated,17.3,2.99,4.3,2296.16
HP,AMD Ryzen 7,32,256,RTX 4060,17.3,2.75,5.9,2204.41
ASUS,AMD Ryzen 9,8,256,Integrated,16.0,2.97,6.5,1823.82
HP,Intel i3,32,512,RTX 4070,17.3,1.91,7.2,2484.79
Apple,AMD Ryzen 7,16,128,RTX 4070,15.6,2.33,5.9,3237.47
HP,AMD Ryzen 3,16,2048,RTX 3060,14.0,3.03,5.6,3070.03
Dell,Intel i9,16,1024,RTX 3070,17.3,1.73,11.6,3046.64
ASUS,Intel i5,4,256,GTX 1660,15.6,1.72,11.3,1555.96
ASUS,AMD Ryzen 7,32,128,RTX 3050,15.6,2.47,4.4,2012.35
Apple,Intel i3,32,512,RTX 4070,15.6,2.4,6.7,2876.27
MSI,Intel i3,64,256,GTX 1660,15.6,1.85,7.2,2364.8
Dell,AMD Ryzen 7,64,512,RTX 3060,16.0,1.89,5.9,3225.72
Lenovo,AMD Ryzen 5,64,1024,Integrated,15.6,1.84,9.0,2557.08
HP,Intel i5,16,2048,RTX 3060,16.0,2.97,9.1,3157.46
Acer,AMD Ryzen 5,32,256,GTX 1650,16.0,2.7,10.8,1722.66
HP,Intel i9,16,256,GTX 1650,15.6,3.11,9.9,1942.96
Samsung,Intel i3,4,1024,RTX 3050,14.0,3.44,8.3,2079.2
HP,Intel i3,64,128,RTX 3060,15.6,2.29,9.2,2380.66
Lenovo,AMD Ryzen 3,16,2048,RTX 4060,15.6,1.35,6.2,3042.64
HP,Intel i9,16,256,RTX 3050,15.6,1.31,8.7,2253.92
Dell,Intel i3,4,2048,RTX 4060,14.0,1.88,7.9,2761.43
Dell,Intel i9,8,256,RTX 3050,13.3,3.34,5.1,1859.31
ASUS,Intel i5,32,2048,GTX 1650,13.3,2.4,5.9,3093.34
Apple,Intel i7,8,512,RTX 3050,16.0,1.83,6.3,2552.73
MSI,Intel i3,64,256,GTX 1650,16.0,2.12,11.4,1954.95
Acer,AMD Ryzen 3,16,2048,RTX 4070,14.0,2.58,5.8,3674.91
Samsung,Intel i5,4,128,Integrated,17.3,2.7,6.3,1125.36
HP,AMD Ryzen 7,4,512,RTX 4060,13.3,1.55,7.0,1922.92
HP,Intel i9,32,512,RTX 3060,16.0,3.45,9.3,2909.11
Lenovo,AMD Ryzen 7,8,128,RTX 4070,13.3,2.45,4.9,2099.21
Apple,AMD Ryzen 5,32,2048,RTX 4070,14.0,1.51,11.6,3995.56
Dell,Intel i5,16,1024,RTX 3050,14.0,3.26,10.9,2080.27
Acer,AMD Ryzen 7,32,128,GTX 1650,17.3,1.37,8.6,1891.73
ASUS,AMD Ryzen 9,4,2048,GTX 1660,17.3,3.29,9.4,3126.98
Dell,AMD Ryzen 9,4,128,RTX 4060,14.0,3.49,4.1,2007.42
Samsung,Intel i3,64,128,RTX 4070,16.0,2.81,6.7,2914.25
Apple,Intel i9,64,256,RTX 3050,13.3,2.97,10.4,3555.02
Samsung,Intel i7,16,2048,RTX 3070,15.6,1.98,4.6,3484.62
MSI,Intel i5,8,1024,Integrated,17.3,3.37,6.3,1999.66
ASUS,Intel i3,32,256,Integrated,15.6,2.42,8.7,1357.49
MSI,AMD Ryzen 3,16,128,GTX 1660,16.0,2.88,6.1,1543.02
Lenovo,AMD Ryzen 5,64,128,GTX 1650,17.3,3.33,11.5,1988.2
Samsung,Intel i9,32,128,RTX 3050,15.6,3.44,5.0,2361.45
Lenovo,Intel i5,64,2048,RTX 4060,16.0,3.12,10.4,4064.38
HP,AMD Ryzen 9,32,2048,GTX 1650,13.3,1.9,8.1,3309.43
MSI,Intel i5,8,256,Integrated,16.0,3.42,10.0,1363.57
Apple,Intel i7,16,1024,GTX 1650,17.3,2.64,6.5,2748.39
Samsung,AMD Ryzen 9,32,256,Integrated,14.0,3.34,8.1,1883.52
Acer,Intel i7,4,512,GTX 1650,13.3,2.76,10.9,1510.82
ASUS,AMD Ryzen 3,4,128,GTX 1660,15.6,1.91,7.7,1138.72
Dell,AMD Ryzen 5,32,128,RTX 3060,17.3,2.05,6.9,2049.52
Apple,AMD Ryzen 3,32,128,GTX 1660,14.0,2.47,8.3,1669.15
Apple,Intel i3,32,256,GTX 1660,16.0,3.02,9.7,1907.64
Lenovo,Intel i3,4,256,RTX 3060,14.0,1.93,7.5,1298.86
MSI,AMD Ryzen 3,4,128,RTX 3060,17.3,2.53,11.5,1464.57
Samsung,AMD Ryzen 5,32,256,RTX 4070,17.3,1.99,6.4,2781.06
Samsung,AMD Ryzen 3,64,2048,RTX 4070,14.0,3.08,7.8,4656.85
HP,AMD Ryzen 5,64,2048,RTX 3050,16.0,2.27,10.1,3612.78
HP,AMD Ryzen 5,8,256,RTX 4060,14.0,1.38,9.5,1641.24
ASUS,AMD Ryzen 7,16,128,RTX 4060,17.3,1.58,10.9,1983.46
Lenovo,AMD Ryzen 9,64,256,RTX 3050,17.3,1.34,12.0,2818.1
Apple,Intel i9,4,256,GTX 1660,15.6,2.35,7.4,2427.23
Samsung,AMD Ryzen 5,64,256,GTX 1660,15.6,1.44,4.9,2540.64
Acer,Intel i7,8,512,Integrated,13.3,1.46,4.2,1349.77
Lenovo,AMD Ryzen 5,8,2048,Integrated,17.3,3.36,9.8,2887.75
ASUS,AMD Ryzen 5,16,1024,RTX 4060,15.6,3.21,11.0,2807.63
ASUS,AMD Ryzen 5,64,1024,RTX 3050,14.0,2.24,5.8,2932.03
Lenovo,AMD Ryzen 7,4,512,RTX 3070,16.0,3.47,5.3,2342.54
ASUS,AMD Ryzen 9,4,256,RTX 4070,14.0,1.2,4.5,2460.02
Lenovo,AMD Ryzen 7,32,512,RTX 3070,16.0,2.61,10.6,2732.45
Dell,Intel i3,4,512,RTX 3050,15.6,2.62,6.5,1674.51
Lenovo,AMD Ryzen 7,16,128,Integrated,13.3,2.25,7.2,1065.95
MSI,Intel i7,16,2048,RTX 4060,14.0,2.11,8.0,3935.13
Lenovo,Intel i7,4,1024,RTX 4060,14.0,2.25,10.7,2390.65
ASUS,AMD Ryzen 7,4,256,Integrated,14.0,2.15,9.2,1302.42
Samsung,AMD Ryzen 9,32,1024,RTX 3070,16.0,2.88,8.9,3927.44
MSI,AMD Ryzen 3,4,1024,GTX 1650,15.6,1.51,5.4,1889.12
ASUS,Intel i9,32,2048,GTX 1650,14.0,1.65,8.1,3752.88
HP,AMD Ryzen 9,32,1024,Integrated,14.0,1.62,9.7,2376.53
HP,AMD Ryzen 7,4,1024,GTX 1650,13.3,1.8,11.8,1994.64
Samsung,AMD Ryzen 5,8,512,RTX 3060,13.3,2.41,5.6,2069.51
Samsung,Intel i5,8,2048,RTX 3050,15.6,1.46,4.1,3237.21
MSI,Intel i9,32,128,RTX 3050,15.6,3.2,4.6,2604.4
Dell,Intel i9,4,256,Integrated,17.3,1.88,7.0,1725.89
Samsung,Intel i7,8,1024,GTX 1660,13.3,1.57,10.6,2368.96
HP,Intel i9,4,256,RTX 4070,17.3,2.75,4.1,2701.88
Lenovo,AMD Ryzen 7,4,128,RTX 3070,16.0,1.29,7.7,2149.28
ASUS,AMD Ryzen 5,4,256,Integrated,17.3,2.63,6.6,1200.68
HP,AMD Ryzen 5,64,128,GTX 1650,14.0,2.81,4.4,1767.86
HP,Intel i3,4,512,RTX 3070,17.3,1.69,7.6,2036.22
Dell,AMD Ryzen 5,64,1024,GTX 1660,15.6,1.3,6.0,2864.51
MSI,AMD Ryzen 9,32,128,GTX 1650,16.0,2.04,6.8,2132.73
MSI,AMD Ryzen 5,8,256,RTX 4060,14.0,1.43,9.6,1737.26
Apple,Intel i7,8,1024,RTX 4070,17.3,1.47,8.2,3720.4
Dell,AMD Ryzen 5,8,512,RTX 3060,16.0,1.78,5.0,1803.89
Lenovo,Intel i3,8,1024,GTX 1650,16.0,1.88,11.7,1742.7
MSI,Intel i5,8,128,RTX 3060,14.0,2.42,9.1,1801.41
ASUS,AMD Ryzen 7,8,512,RTX 3070,17.3,2.76,10.1,2771.4
Samsung,Intel i7,8,256,RTX 3060,16.0,2.56,4.6,2123.46
Dell,AMD Ryzen 9,32,512,RTX 3070,16.0,1.54,4.4,3399.5
Samsung,Intel i5,4,512,RTX 3070,13.3,1.6,4.2,2250.46
HP,Intel i7,16,2048,RTX 3070,16.0,3.22,5.5,3574.64
ASUS,AMD Ryzen 3,64,512,RTX 3070,13.3,2.48,7.3,2928.26
ASUS,Intel i9,16,512,RTX 3070,17.3,3.2,11.5,3152.09
HP,AMD Ryzen 3,16,1024,GTX 1650,17.3,2.05,7.7,1899.19
Dell,AMD Ryzen 5,4,256,RTX 3070,17.3,2.61,6.3,1867.89
HP,Intel i5,4,1024,GTX 1650,15.6,2.4,8.5,1934.76
Samsung,AMD Ryzen 5,4,1024,RTX 3070,17.3,1.93,4.9,2481.69
Apple,Intel i9,8,128,RTX 3060,16.0,2.28,8.9,3029.86
ASUS,Intel i7,32,1024,RTX 4060,14.0,2.36,8.5,2769.44
Acer,Intel i9,8,2048,RTX 3070,13.3,1.66,10.3,3767.19
Acer,Intel i3,32,2048,GTX 1660,15.6,1.92,11.9,3025.77
Samsung,Intel i9,32,128,RTX 3070,17.3,3.02,6.0,2723.82
Lenovo,Intel i3,16,256,RTX 3070,17.3,3.31,8.1,2027.62
MSI,Intel i9,16,256,RTX 3060,14.0,2.03,11.3,2575.85
HP,AMD Ryzen 7,32,1024,RTX 4070,14.0,1.91,10.3,3449.0
HP,Intel i3,32,1024,RTX 3050,15.6,1.65,7.9,2510.25
Lenovo,Intel i5,8,1024,RTX 3060,13.3,2.76,11.6,2229.48
Lenovo,AMD Ryzen 5,8,256,GTX 1660,17.3,1.94,4.5,1564.4
Samsung,AMD Ryzen 9,16,512,RTX 3050,15.6,3.47,11.4,2350.04
Samsung,AMD Ryzen 5,4,2048,Integrated,16.0,1.95,4.4,2516.39
Lenovo,AMD Ryzen 3,32,512,Integrated,16.0,2.11,8.4,1444.35
ASUS,AMD Ryzen 5,8,512,RTX 4070,15.6,2.59,11.1,2509.06
Samsung,Intel i7,16,256,GTX 1660,17.3,3.04,6.1,1848.6
Apple,AMD Ryzen 7,8,512,RTX 3060,15.6,2.28,7.8,2433.93
Samsung,Intel i9,32,128,GTX 1650,17.3,2.17,6.6,2403.15
HP,AMD Ryzen 3,32,1024,GTX 1660,14.0,3.49,11.6,2212.46
Samsung,Intel i7,64,128,RTX 4060,15.6,1.22,10.6,2772.53
ASUS,Intel i7,4,2048,RTX 3050,17.3,3.26,9.7,2959.68
Lenovo,Intel i3,64,1024,RTX 3050,15.6,1.54,8.7,2792.42
HP,AMD Ryzen 5,16,512,RTX 3070,15.6,3.01,10.6,2278.02
Samsung,Intel i5,8,2048,Integrated,17.3,2.62,7.1,2846.28
ASUS,AMD Ryzen 9,16,1024,RTX 4070,17.3,1.99,7.6,3449.48
Apple,Intel i5,32,512,RTX 3050,13.3,3.21,9.8,2564.97
Samsung,AMD Ryzen 3,64,128,GTX 1660,15.6,1.23,6.9,2215.63
ASUS,AMD Ryzen 7,64,1024,RTX 3050,16.0,1.72,4.5,3051.37
Apple,Intel i5,64,512,RTX 4070,15.6,2.5,4.6,4130.67
Lenovo,Intel i9,16,128,RTX 4070,15.6,2.01,4.9,2665.42
Samsung,Intel i5,32,2048,RTX 4070,17.3,2.6,11.0,4017.27
Apple,AMD Ryzen 3,8,2048,GTX 1660,15.6,1.26,7.8,2995.63
HP,AMD Ryzen 9,8,2048,GTX 1650,15.6,1.47,9.7,2883.81
Lenovo,Intel i5,16,2048,RTX 3070,16.0,1.49,7.1,3340.59
HP,Intel i9,64,256,Integrated,17.3,1.64,6.1,2437.36
Acer,Intel i3,4,1024,RTX 3050,15.6,2.26,6.8,1983.1
Dell,AMD Ryzen 7,16,1024,GTX 1660,14.0,2.93,10.4,2442.78
Samsung,AMD Ryzen 3,16,256,RTX 3060,13.3,3.28,9.0,1683.52
Apple,Intel i3,32,512,Integrated,16.0,3.12,11.5,1786.46
Dell,Intel i3,8,512,GTX 1650,15.6,1.65,9.4,1458.1
Dell,Intel i3,16,2048,GTX 1660,14.0,2.21,8.6,2853.65
Apple,Intel i7,16,128,RTX 4060,15.6,1.66,8.9,2772.16
Lenovo,AMD Ryzen 7,64,512,RTX 4060,15.6,1.81,11.5,3209.37
Samsung,AMD Ryzen 9,64,128,RTX 3070,17.3,2.36,10.3,3690.53
Acer,AMD Ryzen 5,4,1024,RTX 3070,17.3,1.36,4.2,2543.51
HP,AMD Ryzen 7,32,128,GTX 1650,17.3,1.7,8.3,1842.54
ASUS,Intel i7,4,1024,GTX 1650,14.0,3.35,9.5,1954.22
HP,AMD Ryzen 5,64,256,RTX 3070,15.6,2.27,10.0,3101.41
ASUS,AMD Ryzen 7,8,256,RTX 3050,13.3,2.22,5.7,1525.14
HP,Intel i3,64,2048,RTX 3050,16.0,1.23,10.9,3290.94
Apple,AMD Ryzen 3,32,512,GTX 1660,17.3,1.77,11.6,2100.89
Acer,AMD Ryzen 5,64,2048,RTX 3060,17.3,3.19,5.9,4228.24
Samsung,Intel i9,32,1024,GTX 1660,15.6,1.58,11.1,3016.75
ASUS,Intel i9,32,2048,RTX 3060,15.6,2.15,4.8,4070.21
Samsung,Intel i5,32,128,GTX 1650,14.0,1.23,4.4,1759.14
Samsung,AMD Ryzen 5,32,1024,Integrated,14.0,2.3,5.0,2275.38
Samsung,AMD Ryzen 3,32,256,GTX 1660,17.3,1.25,4.5,1702.97
MSI,AMD Ryzen 9,8,512,GTX 1660,15.6,3.09,10.8,2189.34
Lenovo,Intel i7,4,1024,RTX 3060,13.3,3.1,4.5,2496.89
HP,Intel i3,16,1024,RTX 4070,16.0,3.01,6.2,3037.32
Samsung,Intel i5,4,128,GTX 1650,15.6,1.85,4.8,1282.99
HP,Intel i9,32,512,GTX 1650,15.6,3.13,6.4,2379.64
Samsung,Intel i7,8,256,RTX 4060,14.0,2.45,4.7,1935.87
ASUS,Intel i7,64,1024,RTX 4070,16.0,2.06,9.3,4186.79
Lenovo,Intel i3,8,1024,RTX 3060,17.3,2.64,5.1,2339.43
Lenovo,AMD Ryzen 9,32,128,GTX 1650,15.6,1.23,10.8,2016.32
Apple,AMD Ryzen 9,8,2048,RTX 4070,17.3,1.53,10.5,4526.73
MSI,AMD Ryzen 5,8,256,RTX 3070,15.6,2.91,4.1,2347.59
Apple,Intel i9,32,512,RTX 4070,17.3,1.76,11.2,4281.22
Apple,AMD Ryzen 9,8,1024,RTX 3050,16.0,2.58,4.2,3171.51
Apple,AMD Ryzen 3,16,1024,RTX 4060,14.0,2.09,5.9,2720.89
Apple,AMD Ryzen 9,16,256,RTX 3070,16.0,3.17,4.3,3504.94
Apple,Intel i7,8,2048,Integrated,13.3,3.39,6.7,3229.96
Acer,Intel i3,64,1024,GTX 1660,14.0,3.23,8.1,2717.8
Lenovo,AMD Ryzen 3,32,256,RTX 4060,16.0,1.82,10.4,2066.68
Apple,AMD Ryzen 5,16,128,Integrated,13.3,1.65,6.7,1615.15
Samsung,Intel i9,64,2048,GTX 1660,15.6,2.29,9.6,3960.26
Lenovo,AMD Ryzen 5,8,512,RTX 3050,15.6,1.22,5.5,1580.73
Lenovo,Intel i7,64,1024,RTX 4070,17.3,1.26,10.0,3677.43
Dell,AMD Ryzen 3,4,256,GTX 1650,14.0,2.47,5.9,1076.75
Acer,AMD Ryzen 3,16,128,RTX 3070,15.6,2.4,5.1,1876.75
Apple,AMD Ryzen 3,8,512,RTX 3060,14.0,3.49,5.5,2194.14
HP,Intel i7,32,256,RTX 3070,15.6,1.66,5.5,2631.93
ASUS,Intel i7,8,256,RTX 3050,17.3,1.79,8.1,1862.91
MSI,AMD Ryzen 5,32,512,Integrated,16.0,1.46,10.8,2034.28
Samsung,Intel i5,8,128,RTX 3060,17.3,3.31,4.6,1732.38
HP,AMD Ryzen 5,64,128,GTX 1650,13.3,2.99,9.7,2029.17
Acer,Intel i9,64,2048,RTX 3050,15.6,3.09,9.2,4112.29
ASUS,Intel i3,64,1024,RTX 3060,13.3,3.28,11.0,3057.52
Acer,AMD Ryzen 3,4,512,RTX 3050,13.3,2.41,6.0,1396.57
Samsung,Intel i5,32,512,RTX 4070,14.0,2.24,7.6,2895.03
Lenovo,Intel i3,64,512,RTX 3050,15.6,1.96,11.4,2250.27
ASUS,Intel i5,4,128,GTX 1650,13.3,2.56,9.3,1112.07
Lenovo,AMD Ryzen 9,32,1024,RTX 4060,16.0,2.24,7.1,3291.66
Samsung,AMD Ryzen 9,8,2048,GTX 1660,13.3,2.24,5.1,3566.1
HP,AMD Ryzen 7,4,256,RTX 3060,16.0,3.35,6.1,1769.63
Samsung,AMD Ryzen 9,16,256,RTX 4070,14.0,3.46,8.6,3093.89
HP,AMD Ryzen 5,4,512,GTX 1650,13.3,3.03,9.7,1293.98
ASUS,AMD Ryzen 9,4,1024,RTX 3050,17.3,2.94,5.0,2728.06
ASUS,Intel i7,32,128,RTX 4070,14.0,2.77,8.8,2809.57
Apple,AMD Ryzen 3,8,1024,GTX 1650,16.0,1.58,8.4,2179.82
Acer,AMD Ryzen 5,16,1024,RTX 4060,14.0,1.34,8.1,2624.13
Apple,Intel i3,64,128,RTX 4070,13.3,2.79,9.5,3176.08
Acer,AMD Ryzen 7,64,512,RTX 4070,15.6,2.88,10.7,3351.0
Apple,AMD Ryzen 7,4,1024,GTX 1660,15.6,1.31,6.6,2446.54
Lenovo,AMD Ryzen 7,32,256,RTX 3070,16.0,3.33,11.1,2504.58
ASUS,Intel i3,32,128,RTX 3060,16.0,1.41,5.3,1830.82
HP,Intel i3,64,2048,GTX 1660,15.6,1.86,5.4,3703.48
Acer,Intel i3,16,512,Integrated,16.0,2.75,6.1,1200.23
Samsung,Intel i3,8,128,RTX 3060,14.0,1.59,5.0,1385.59
Acer,AMD Ryzen 7,16,2048,GTX 1660,17.3,1.33,5.8,2935.31
HP,AMD Ryzen 7,8,2048,RTX 3050,17.3,1.96,4.9,2912.66
Apple,Intel i5,64,1024,RTX 3060,14.0,2.96,10.6,3463.16
Acer,AMD Ryzen 5,8,1024,RTX 3060,17.3,2.15,5.1,2529.18
MSI,AMD Ryzen 3,32,1024,GTX 1650,13.3,2.7,10.0,2248.91
Lenovo,AMD Ryzen 9,4,128,RTX 3050,14.0,2.53,4.4,1795.59
ASUS,AMD Ryzen 9,4,128,Integrated,16.0,1.25,11.6,1610.28
HP,Intel i7,64,512,RTX 3070,14.0,3.47,9.7,2975.74
ASUS,AMD Ryzen 7,32,1024,RTX 4070,15.6,1.3,4.1,3685.49
MSI,Intel i7,16,2048,RTX 4060,16.0,3.43,10.1,3495.04
Acer,AMD Ryzen 5,32,256,GTX 1660,15.6,2.46,8.1,1652.63
Acer,AMD Ryzen 5,4,512,GTX 1650,16.0,3.42,10.2,1437.87
Samsung,Intel i7,4,128,GTX 1660,17.3,1.46,8.2,1507.36
MSI,AMD Ryzen 7,32,512,Integrated,14.0,2.33,9.1,2036.72
HP,Intel i7,32,512,RTX 4070,13.3,1.59,10.3,2741.35
Samsung,AMD Ryzen 9,4,512,Integrated,16.0,1.32,7.2,1986.51
Lenovo,Intel i5,16,512,RTX 3060,16.0,2.62,4.0,2079.14
Samsung,AMD Ryzen 9,64,256,RTX 4060,15.6,1.68,10.8,3047.06
Dell,Intel i9,64,1024,Integrated,17.3,2.55,7.0,3354.64
HP,AMD Ryzen 7,32,2048,GTX 1660,15.6,1.46,8.0,3158.66
Dell,AMD Ryzen 7,64,512,RTX 3050,15.6,1.96,4.1,2747.04
MSI,AMD Ryzen 3,4,512,RTX 3050,17.3,3.0,7.9,1557.6
Apple,Intel i3,4,512,RTX 3060,13.3,2.21,11.9,2031.38
Dell,Intel i9,32,1024,RTX 3070,15.6,2.64,6.2,3656.6
Lenovo,AMD Ryzen 5,32,128,GTX 1660,15.6,2.69,7.2,1628.16
Samsung,AMD Ryzen 7,32,128,GTX 1660,16.0,3.14,9.5,2140.75
Apple,Intel i7,16,256,Integrated,17.3,1.95,10.5,2256.94
Samsung,Intel i9,64,128,RTX 4060,14.0,2.78,7.3,3262.67
Dell,AMD Ryzen 3,32,512,GTX 1660,13.3,3.41,6.5,1800.9
Samsung,AMD Ryzen 5,8,512,GTX 1650,13.3,2.88,11.5,1420.59
MSI,Intel i3,8,512,RTX 3070,17.3,2.33,9.4,2366.57
Apple,Intel i3,4,256,Integrated,16.0,2.65,5.0,1235.44
MSI,AMD Ryzen 3,64,512,GTX 1650,16.0,2.9,4.6,2170.7
Dell,AMD Ryzen 3,32,128,RTX 3060,17.3,2.61,7.9,2111.69
MSI,Intel i7,8,1024,RTX 3050,16.0,1.24,5.8,2591.1
Lenovo,AMD Ryzen 7,64,1024,RTX 3060,13.3,1.65,6.0,3163.67
Dell,Intel i3,4,2048,RTX 3050,13.3,3.06,11.0,2550.56
Dell,AMD Ryzen 5,16,128,RTX 3060,14.0,1.83,4.7,1714.82
Dell,Intel i9,64,512,GTX 1660,17.3,2.88,9.7,2815.83
HP,AMD Ryzen 5,64,1024,GTX 1650,15.6,2.06,6.2,2512.56
Samsung,Intel i5,16,128,RTX 3050,15.6,2.4,10.1,1498.02
HP,Intel i5,64,1024,Integrated,14.0,1.36,9.8,2478.79
HP,AMD Ryzen 3,4,512,GTX 1650,14.0,1.62,4.1,1218.64
Lenovo,Intel i7,4,1024,Integrated,16.0,3.4,8.1,1705.64
Apple,Intel i5,16,2048,GTX 1650,14.0,3.25,5.1,3444.34
Samsung,Intel i3,32,2048,GTX 1650,14.0,2.7,10.9,2808.34
MSI,AMD Ryzen 5,8,1024,RTX 3060,15.6,2.26,11.0,2573.62
Acer,AMD Ryzen 5,32,128,RTX 3050,16.0,2.75,7.3,1892.52
Dell,AMD Ryzen 3,64,128,RTX 3050,14.0,2.62,7.6,2112.68
MSI,AMD Ryzen 7,8,128,RTX 4060,14.0,2.51,6.4,2131.64
Dell,AMD Ryzen 7,16,1024,GTX 1650,16.0,1.34,9.7,2464.44
Lenovo,Intel i9,16,128,GTX 1660,17.3,2.66,6.9,2007.07
Dell,AMD Ryzen 3,8,512,GTX 1660,16.0,2.97,6.1,1562.88
HP,AMD Ryzen 9,4,2048,Integrated,15.6,3.49,7.5,3081.02
Samsung,Intel i9,8,512,Integrated,17.3,1.23,4.7,2005.39
Acer,AMD Ryzen 9,64,128,RTX 3060,13.3,2.88,10.0,2547.25
ASUS,AMD Ryzen 7,4,512,GTX 1650,16.0,2.52,4.1,1863.66
Dell,AMD Ryzen 3,16,128,Integrated,15.6,2.2,9.2,1039.93
MSI,AMD Ryzen 9,8,1024,Integrated,17.3,1.49,5.5,2377.96
HP,AMD Ryzen 3,32,512,RTX 3070,16.0,2.14,5.9,2390.01
ASUS,AMD Ryzen 3,32,1024,GTX 1650,14.0,2.02,9.1,2219.69
Acer,AMD Ryzen 7,64,1024,RTX 4070,16.0,1.9,11.9,3800.89
ASUS,Intel i9,32,256,RTX 3060,13.3,2.88,10.2,2641.72
HP,Intel i9,8,128,Integrated,16.0,2.81,5.8,1547.13
Samsung,AMD Ryzen 3,8,2048,RTX 3060,17.3,2.55,5.4,3220.1
Samsung,Intel i5,32,128,RTX 3050,17.3,3.36,10.9,1993.25
Apple,Intel i7,8,2048,RTX 3060,16.0,2.0,7.6,4145.52
Samsung,AMD Ryzen 7,64,128,RTX 4070,17.3,1.76,5.1,3457.93
Apple,Intel i7,4,1024,GTX 1660,14.0,2.71,10.9,2738.53
ASUS,Intel i7,64,512,RTX 4070,16.0,1.66,10.5,3440.34
Lenovo,Intel i9,64,512,GTX 1660,14.0,1.92,11.9,2820.45
MSI,Intel i9,8,256,RTX 3060,14.0,1.72,11.3,2631.06
MSI,Intel i5,4,2048,GTX 1660,15.6,1.36,10.8,2742.89
ASUS,Intel i7,8,2048,RTX 3050,16.0,3.1,4.4,3078.93
Dell,Intel i7,16,2048,GTX 1650,17.3,1.79,4.8,3168.58
Dell,AMD Ryzen 3,8,1024,GTX 1660,14.0,2.29,8.6,1933.71
Samsung,Intel i9,8,2048,GTX 1660,15.6,1.3,8.3,3272.41
MSI,Intel i7,8,512,RTX 3060,16.0,2.81,7.7,2216.12
MSI,AMD Ryzen 5,4,1024,RTX 3050,16.0,1.96,7.2,2047.03
Apple,Intel i5,8,128,RTX 4060,13.3,2.91,7.4,2194.22
Lenovo,AMD Ryzen 9,4,2048,RTX 4060,13.3,2.15,8.6,3331.81
HP,AMD Ryzen 5,32,2048,RTX 4060,14.0,1.65,4.0,3415.62
Dell,AMD Ryzen 5,16,128,RTX 4060,13.3,2.38,6.1,1725.25
MSI,AMD Ryzen 9,4,2048,GTX 1650,14.0,1.5,8.1,3572.72
Apple,AMD Ryzen 7,32,128,RTX 4070,17.3,2.21,9.8,3234.01
Acer,AMD Ryzen 7,4,1024,RTX 3060,14.0,1.93,5.4,2104.71
Apple,Intel i5,4,512,RTX 3060,13.3,3.3,8.4,2265.56
Dell,AMD Ryzen 5,16,128,RTX 3070,17.3,1.34,9.7,2343.5
Dell,Intel i7,64,256,RTX 3050,13.3,2.8,7.6,2512.78
Apple,Intel i9,64,128,RTX 4060,14.0,1.62,4.2,4159.04
HP,Intel i5,4,2048,GTX 1650,15.6,1.93,7.6,2861.12
ASUS,AMD Ryzen 3,8,1024,RTX 3050,16.0,2.16,6.4,1846.55
Dell,AMD Ryzen 9,32,1024,RTX 4060,13.3,3.29,11.4,3269.6
Apple,AMD Ryzen 5,8,128,GTX 1650,14.0,1.76,5.0,1529.28
MSI,Intel i5,8,512,RTX 3050,17.3,1.41,9.2,2013.32
Apple,Intel i3,4,256,RTX 3060,13.3,1.93,4.4,1701.26
Lenovo,Intel i3,4,1024,RTX 3060,13.3,1.44,7.6,1958.17
ASUS,AMD Ryzen 7,4,2048,RTX 4070,16.0,1.5,8.4,4164.61
Acer,AMD Ryzen 9,4,2048,Integrated,14.0,2.52,6.4,2584.79
HP,Intel i9,64,512,RTX 4070,15.6,1.34,7.6,3976.41
Samsung,Intel i7,4,1024,GTX 1660,17.3,1.27,5.3,2133.12
Acer,Intel i9,64,128,RTX 4070,14.0,2.84,6.4,2990.86
ASUS,Intel i9,64,2048,RTX 4060,17.3,2.03,9.0,5117.36
ASUS,Intel i9,4,512,RTX 3070,13.3,1.49,6.4,2718.78
ASUS,AMD Ryzen 9,16,1024,RTX 3050,16.0,1.78,11.2,2955.98
Acer,Intel i9,32,1024,RTX 3070,16.0,2.68,9.0,3196.94
MSI,AMD Ryzen 3,8,1024,Integrated,15.6,1.83,7.5,1699.21
ASUS,AMD Ryzen 9,64,1024,GTX 1660,16.0,2.34,4.3,3599.75
Apple,AMD Ryzen 3,32,1024,RTX 3050,13.3,1.48,8.0,2634.62
Acer,AMD Ryzen 9,16,2048,GTX 1650,15.6,2.55,10.1,3187.75
Samsung,AMD Ryzen 7,8,512,RTX 4060,14.0,1.93,6.1,2412.79
ASUS,Intel i5,8,1024,GTX 1660,16.0,2.64,10.5,2211.98
Apple,Intel i3,64,256,RTX 3060,15.6,3.06,6.0,3022.72
MSI,Intel i9,4,256,Integrated,13.3,2.61,10.6,1788.37
Lenovo,AMD Ryzen 7,16,512,GTX 1660,17.3,1.88,4.7,2071.52
MSI,Intel i5,64,128,RTX 4060,17.3,1.79,10.9,2585.33
Samsung,Intel i3,16,128,RTX 4070,13.3,1.95,8.0,1999.57
ASUS,AMD Ryzen 5,4,128,GTX 1660,13.3,1.58,6.4,1281.88
Samsung,Intel i7,4,256,RTX 4070,17.3,1.62,6.1,2403.97
Acer,AMD Ryzen 3,64,128,RTX 4060,15.6,3.02,7.5,2163.43
Dell,AMD Ryzen 5,4,2048,RTX 3060,17.3,2.08,12.0,3089.58
ASUS,AMD Ryzen 9,32,1024,RTX 3050,13.3,2.2,5.8,2758.34
Dell,Intel i3,8,256,GTX 1650,16.0,2.57,4.8,1328.98
Apple,AMD Ryzen 5,64,512,RTX 3060,14.0,2.56,8.7,3376.02
Lenovo,Intel i7,16,512,RTX 4070,16.0,1.35,7.9,2739.43
HP,AMD Ryzen 7,32,1024,RTX 4070,16.0,3.11,8.2,3032.56
Samsung,Intel i3,64,256,GTX 1650,13.3,1.61,9.3,2064.76
MSI,AMD Ryzen 5,4,128,RTX 3050,17.3,2.86,6.1,1629.14
Lenovo,AMD Ryzen 3,4,128,GTX 1660,15.6,2.98,11.3,1193.84
ASUS,AMD Ryzen 3,4,2048,GTX 1650,16.0,2.84,7.5,2625.24
Dell,Intel i5,4,2048,Integrated,17.3,2.53,5.0,2542.4
MSI,AMD Ryzen 5,16,128,Integrated,15.6,1.23,9.9,1289.79
Dell,Intel i9,32,512,RTX 4060,16.0,2.03,9.1,3232.33
Acer,AMD Ryzen 5,8,512,RTX 3060,15.6,2.59,6.5,1926.14
Dell,AMD Ryzen 7,16,2048,RTX 4070,17.3,2.09,9.0,4185.06
Acer,Intel i3,16,1024,RTX 3050,14.0,3.19,5.8,1881.29
Apple,Intel i3,8,128,RTX 4060,17.3,1.91,7.6,2136.66
MSI,AMD Ryzen 7,8,2048,RTX 3060,13.3,1.88,11.2,3550.13
MSI,AMD Ryzen 5,4,2048,RTX 3060,15.6,1.81,5.1,3122.47
HP,AMD Ryzen 7,16,128,RTX 4060,14.0,1.97,7.1,1861.32
ASUS,Intel i7,64,128,RTX 3070,15.6,2.48,10.6,2888.65
Acer,AMD Ryzen 9,8,512,RTX 3060,15.6,2.83,11.8,2148.17
HP,AMD Ryzen 7,8,1024,RTX 3070,16.0,2.72,7.6,2502.1
Dell,AMD Ryzen 3,32,1024,Integrated,13.3,3.06,8.1,1757.8
Dell,AMD Ryzen 7,64,128,Integrated,15.6,3.24,8.6,2066.97
HP,Intel i3,64,256,RTX 3060,17.3,3.08,11.5,2232.61
MSI,AMD Ryzen 3,8,2048,Integrated,17.3,1.24,10.9,2478.57
Dell,Intel i3,4,2048,RTX 3050,16.0,2.89,5.4,3011.87
Samsung,Intel i5,32,128,RTX 3070,13.3,1.68,7.5,2320.06
Apple,Intel i9,64,256,RTX 3070,13.3,1.51,7.7,4147.38
Apple,Intel i3,8,512,RTX 3060,17.3,2.67,10.3,2201.22
Samsung,AMD Ryzen 3,64,128,Integrated,14.0,1.94,8.8,1741.78
HP,Intel i5,32,128,GTX 1650,16.0,1.33,9.2,1484.27
Samsung,Intel i3,32,2048,RTX 4070,16.0,1.52,12.0,4221.38
Acer,Intel i7,16,128,RTX 4060,17.3,1.2,4.6,1862.74
Acer,AMD Ryzen 7,8,128,RTX 4060,17.3,3.28,5.8,1932.11
HP,Intel i9,32,128,RTX 3070,14.0,1.26,7.3,2548.77
Samsung,Intel i3,16,2048,RTX 3060,14.0,1.68,6.8,3283.26
Acer,Intel i5,16,512,RTX 3060,13.3,2.16,4.2,1900.83
MSI,Intel i7,64,512,RTX 3050,16.0,2.02,4.7,2931.4
Samsung,AMD Ryzen 5,64,128,GTX 1660,16.0,3.3,9.4,2112.82
MSI,Intel i5,16,2048,RTX 4070,17.3,1.29,11.0,4148.91
Acer,AMD Ryzen 7,64,512,GTX 1660,13.3,2.38,8.1,2650.72
Apple,Intel i5,32,512,RTX 3070,16.0,2.77,8.3,3312.1
Acer,Intel i7,4,512,RTX 4060,13.3,3.34,6.0,1773.48
MSI,Intel i5,32,2048,RTX 3050,13.3,2.63,10.1,3294.77
Lenovo,Intel i7,16,2048,RTX 3050,17.3,3.05,10.0,3617.13
ASUS,Intel i3,16,128,RTX 3050,13.3,1.39,8.7,1333.21
Dell,AMD Ryzen 9,32,1024,RTX 3070,14.0,2.09,5.7,3514.57
Samsung,Intel i7,64,512,GTX 1660,14.0,2.06,4.8,2900.72
Lenovo,Intel i7,64,1024,RTX 4060,15.6,3.24,4.5,3707.06
Acer,Intel i9,16,2048,RTX 3050,17.3,1.55,8.7,3539.69
Apple,Intel i7,8,2048,RTX 4060,15.6,1.55,10.6,3978.16
HP,Intel i7,64,2048,Integrated,14.0,1.96,10.9,3337.84
Acer,AMD Ryzen 5,32,1024,RTX 3060,15.6,1.33,7.7,2737.85
Apple,AMD Ryzen 9,64,2048,RTX 3060,17.3,1.62,10.3,5077.46
ASUS,Intel i3,32,128,RTX 4060,17.3,3.42,11.6,1968.73
Acer,AMD Ryzen 7,16,2048,GTX 1650,13.3,2.18,6.2,2748.3
MSI,Intel i9,64,256,GTX 1650,16.0,2.65,7.2,2754.69
HP,AMD Ryzen 5,32,1024,RTX 3070,13.3,2.87,11.5,2950.0
Apple,AMD Ryzen 3,16,256,RTX 3070,17.3,2.04,6.7,2470.94
Apple,AMD Ryzen 9,8,2048,RTX 3060,14.0,1.54,11.3,4283.68
Apple,Intel i3,32,128,Integrated,14.0,1.68,11.8,1498.79
ASUS,Intel i3,8,512,RTX 4070,13.3,1.92,9.3,2401.19
Acer,AMD Ryzen 3,8,2048,GTX 1660,17.3,2.66,10.5,2468.06
ASUS,AMD Ryzen 7,4,128,GTX 1660,14.0,2.12,10.0,1479.2
Samsung,Intel i7,64,1024,RTX 3070,17.3,1.22,9.6,4164.01
Dell,AMD Ryzen 5,32,256,Integrated,14.0,2.4,6.5,1407.04
Dell,Intel i5,8,256,RTX 3070,17.3,3.32,4.5,2176.65
Samsung,Intel i9,4,256,RTX 4070,15.6,3.07,6.7,3065.02
Acer,Intel i5,16,1024,GTX 1660,17.3,3.1,9.3,2065.58
MSI,AMD Ryzen 3,32,128,RTX 4060,17.3,3.03,4.8,2123.42
ASUS,Intel i3,8,1024,RTX 3070,13.3,1.94,4.1,2416.92
HP,AMD Ryzen 7,64,256,RTX 3050,15.6,2.96,5.1,2350.46
Apple,Intel i3,4,2048,RTX 4060,16.0,1.53,9.7,3668.13
Apple,Intel i9,8,512,RTX 4070,13.3,2.71,11.8,3914.28
Acer,Intel i3,64,1024,RTX 4070,16.0,2.68,11.9,3701.79
MSI,Intel i3,8,1024,RTX 3070,14.0,1.26,8.0,2384.49
Dell,Intel i9,32,128,RTX 3060,16.0,3.01,11.0,2332.27
Dell,AMD Ryzen 5,32,128,RTX 3070,17.3,3.28,9.9,2435.19
Apple,AMD Ryzen 5,32,1024,RTX 3060,16.0,1.82,8.0,2893.03
Acer,Intel i9,4,256,RTX 4070,13.3,3.07,8.6,2508.61
ASUS,AMD Ryzen 7,32,512,Integrated,13.3,1.39,5.1,1806.78
Dell,AMD Ryzen 3,64,128,RTX 4070,16.0,2.58,11.5,2927.2
ASUS,AMD Ryzen 9,8,256,GTX 1660,13.3,2.32,6.8,1880.61
MSI,Intel i3,16,2048,RTX 4060,13.3,2.46,7.6,3193.26
Dell,AMD Ryzen 7,64,128,RTX 4060,16.0,3.33,9.4,2599.49
Dell,Intel i3,64,256,GTX 1650,15.6,3.2,6.7,1965.34
Lenovo,AMD Ryzen 9,32,256,GTX 1650,15.6,3.01,6.0,2127.68
Dell,AMD Ryzen 3,4,512,RTX 4070,14.0,1.83,9.0,2207.16
Samsung,AMD Ryzen 5,8,512,GTX 1660,13.3,3.3,4.2,1683.73
HP,AMD Ryzen 7,4,2048,GTX 1650,16.0,1.42,9.8,2974.27
Samsung,Intel i7,8,256,RTX 4060,13.3,3.16,8.1,2188.86
Acer,Intel i7,8,256,RTX 3070,17.3,1.95,8.8,2105.58
Acer,AMD Ryzen 9,4,512,Integrated,13.3,1.32,9.1,1354.97
ASUS,Intel i7,64,128,Integrated,13.3,2.74,8.2,1935.74
Samsung,AMD Ryzen 5,8,128,GTX 1660,15.6,1.73,8.7,1470.64
Samsung,AMD Ryzen 9,4,1024,RTX 4070,16.0,1.76,9.5,3347.25
Samsung,AMD Ryzen 5,8,512,GTX 1650,13.3,1.9,10.0,1589.59
MSI,AMD Ryzen 3,16,1024,RTX 3070,15.6,1.35,9.8,2733.4
Dell,Intel i3,64,512,Integrated,14.0,1.61,11.0,2138.9
HP,AMD Ryzen 3,32,2048,Integrated,15.6,1.21,5.5,2967.34
ASUS,AMD Ryzen 3,8,256,RTX 3050,15.6,2.22,7.2,1280.36
Samsung,AMD Ryzen 5,16,2048,RTX 4070,15.6,1.39,11.6,3824.77
Samsung,AMD Ryzen 9,32,512,RTX 3050,13.3,2.77,7.2,2620.86
Lenovo,AMD Ryzen 9,32,256,RTX 4060,13.3,1.74,5.0,2380.12
ASUS,Intel i7,8,128,Integrated,14.0,3.37,8.2,1170.24
Samsung,Intel i5,4,128,GTX 1660,17.3,3.2,4.9,1509.19
ASUS,Intel i3,8,1024,RTX 3060,17.3,1.87,5.6,2201.9
Dell,AMD Ryzen 5,16,512,RTX 3060,17.3,3.0,12.0,2195.99
Lenovo,Intel i7,32,512,RTX 3070,14.0,3.05,8.3,2785.42
ASUS,AMD Ryzen 7,8,128,Integrated,17.3,3.47,6.3,1219.83
HP,Intel i5,4,2048,Integrated,17.3,2.58,12.0,2562.13
HP,Intel i5,8,256,RTX 4060,15.6,1.39,11.7,1719.28
Acer,AMD Ryzen 5,64,2048,Integrated,13.3,2.69,7.5,3351.08
Lenovo,Intel i9,4,2048,GTX 1660,13.3,2.64,6.1,2971.68
Lenovo,Intel i3,16,128,RTX 3050,15.6,2.67,10.7,1507.02
Acer,Intel i5,32,128,Integrated,15.6,1.91,9.7,1311.53
ASUS,AMD Ryzen 5,8,128,Integrated,15.6,3.18,9.5,1006.45
Lenovo,AMD Ryzen 5,4,1024,RTX 4060,13.3,3.41,11.1,2222.55
HP,Intel i7,64,2048,RTX 4070,17.3,1.7,9.5,4627.37
HP,AMD Ryzen 7,4,512,GTX 1650,15.6,1.4,6.3,1552.22
Samsung,Intel i9,64,256,RTX 4070,14.0,1.65,9.6,3697.0
Dell,Intel i3,16,1024,RTX 4060,15.6,3.09,6.4,2449.53
Lenovo,AMD Ryzen 9,32,512,RTX 4070,16.0,2.76,10.1,3015.01
ASUS,AMD Ryzen 3,16,2048,RTX 4060,15.6,2.66,9.0,2971.87
Acer,AMD Ryzen 7,8,128,GTX 1660,13.3,2.12,4.6,1332.09
Acer,AMD Ryzen 7,4,2048,RTX 3070,15.6,2.53,8.1,3506.03
ASUS,Intel i7,64,256,Integrated,16.0,1.91,6.7,2171.78
MSI,AMD Ryzen 9,64,1024,RTX 4060,14.0,2.3,6.6,4134.36
Apple,Intel i5,4,1024,RTX 4060,17.3,3.02,8.8,2897.84
Dell,Intel i5,4,256,GTX 1650,15.6,3.46,6.6,1387.33
Acer,Intel i7,8,512,RTX 4060,16.0,3.34,10.2,2056.48
Lenovo,AMD Ryzen 5,16,512,RTX 3060,16.0,3.35,4.6,1880.22
Dell,Intel i5,64,1024,RTX 3070,14.0,2.13,9.3,3742.22
Lenovo,Intel i9,8,1024,Integrated,13.3,2.28,10.5,2064.72
MSI,Intel i3,16,128,Integrated,15.6,2.82,9.4,1188.1
HP,AMD Ryzen 7,8,512,GTX 1650,16.0,3.32,8.0,1581.51
Dell,AMD Ryzen 7,64,256,GTX 1660,14.0,1.53,11.6,2436.6
Samsung,Intel i9,4,512,Integrated,17.3,1.9,6.4,2154.27
Acer,AMD Ryzen 9,4,128,RTX 3060,16.0,1.52,4.2,1734.82
Dell,Intel i5,16,1024,Integrated,14.0,2.61,7.5,1944.83
Dell,AMD Ryzen 7,32,1024,RTX 3060,13.3,1.9,4.3,2806.17
Dell,AMD Ryzen 3,16,128,RTX 3070,13.3,1.95,11.6,1818.16
Apple,AMD Ryzen 9,32,256,RTX 3070,16.0,1.36,5.7,3641.59
Dell,Intel i3,8,1024,RTX 3050,16.0,2.0,10.3,2191.93
Lenovo,Intel i3,8,2048,RTX 3050,15.6,3.18,10.2,2556.5
HP,AMD Ryzen 7,64,1024,RTX 3060,14.0,1.74,5.7,3051.06
MSI,Intel i7,32,2048,GTX 1660,16.0,2.8,9.0,3879.58
ASUS,AMD Ryzen 9,64,128,Integrated,15.6,2.65,4.4,2521.02
Dell,AMD Ryzen 7,4,128,RTX 4060,15.6,3.19,7.9,1666.92
Acer,Intel i7,32,1024,Integrated,16.0,1.5,4.1,2216.71
Dell,AMD Ryzen 7,16,512,RTX 3050,13.3,3.45,11.4,1928.44
Acer,AMD Ryzen 3,4,2048,RTX 4070,14.0,2.54,11.8,3234.24
Lenovo,AMD Ryzen 9,4,256,RTX 4060,14.0,3.49,5.8,2031.5
Acer,AMD Ryzen 5,16,1024,RTX 3060,13.3,3.3,5.7,2350.38
Samsung,Intel i3,4,256,RTX 4060,16.0,1.71,10.0,1614.58
ASUS,AMD Ryzen 7,32,1024,RTX 4070,14.0,1.33,6.0,3540.17
HP,AMD Ryzen 3,64,512,Integrated,16.0,1.79,11.2,2115.49
Acer,Intel i7,4,512,Integrated,16.0,2.41,8.6,1356.22
Acer,Intel i7,32,512,GTX 1660,15.6,1.59,6.8,1989.57
HP,Intel i3,8,512,GTX 1650,13.3,1.59,10.7,1190.8
ASUS,Intel i9,32,128,RTX 4060,16.0,2.26,7.9,2687.85
Dell,AMD Ryzen 7,64,128,RTX 3050,17.3,1.28,11.3,2641.0
Acer,AMD Ryzen 9,32,2048,RTX 4070,13.3,1.48,11.4,4111.48
HP,Intel i5,16,256,RTX 4070,14.0,2.16,5.3,2294.21
Samsung,Intel i7,64,1024,RTX 4070,15.6,1.35,4.0,3875.91
Samsung,AMD Ryzen 9,8,1024,RTX 3050,14.0,2.11,11.9,2545.63
Lenovo,AMD Ryzen 9,16,128,GTX 1650,14.0,2.29,11.2,1533.84
HP,AMD Ryzen 5,32,1024,Integrated,13.3,2.24,4.4,1746.8
Lenovo,AMD Ryzen 9,64,128,GTX 1660,14.0,3.2,10.7,2377.69
Samsung,AMD Ryzen 9,8,2048,GTX 1660,16.0,2.42,7.7,3403.48
ASUS,AMD Ryzen 5,16,256,RTX 3050,14.0,2.28,6.1,1726.91
Dell,Intel i7,8,2048,GTX 1660,15.6,2.14,11.0,3251.57
HP,AMD Ryzen 9,32,512,RTX 4070,15.6,3.08,5.6,3022.0
MSI,Intel i9,8,512,RTX 3070,17.3,3.26,11.6,2917.51
Samsung,Intel i9,4,512,GTX 1650,15.6,3.16,5.6,2004.01
Samsung,AMD Ryzen 3,16,2048,Integrated,14.0,2.75,8.9,2418.07
MSI,AMD Ryzen 5,8,1024,RTX 3070,15.6,1.52,5.8,2780.7
Apple,AMD Ryzen 3,32,256,GTX 1650,13.3,1.84,8.4,1733.27
Samsung,AMD Ryzen 5,32,512,RTX 3060,15.6,1.31,9.5,2236.08
Acer,AMD Ryzen 7,8,512,RTX 4060,16.0,3.34,5.5,1959.47
ASUS,AMD Ryzen 7,32,512,RTX 3050,13.3,2.72,8.2,1981.79
HP,AMD Ryzen 9,64,256,RTX 4070,17.3,2.92,7.8,3285.51
MSI,Intel i5,64,512,GTX 1660,16.0,1.92,4.6,2774.04
Acer,AMD Ryzen 7,64,256,RTX 3060,14.0,3.15,10.5,2420.25
MSI,Intel i5,4,512,GTX 1660,14.0,1.8,6.7,1654.15
HP,AMD Ryzen 7,8,2048,RTX 3070,14.0,1.2,8.6,3547.01
Lenovo,Intel i3,4,2048,Integrated,16.0,2.07,8.1,2557.03
HP,AMD Ryzen 7,32,256,Integrated,16.0,2.51,8.1,1735.0
Apple,AMD Ryzen 3,4,2048,Integrated,16.0,2.3,4.9,2836.26
HP,Intel i7,32,256,RTX 4070,13.3,3.18,7.4,2358.1
HP,AMD Ryzen 9,32,2048,GTX 1660,13.3,1.44,7.6,3535.7
Apple,AMD Ryzen 3,16,2048,RTX 3060,14.0,2.47,9.9,3577.33
ASUS,Intel i7,64,256,Integrated,15.6,2.38,10.7,2000.98
Samsung,Intel i9,32,1024,RTX 3060,14.0,1.85,8.4,3301.69
HP,AMD Ryzen 3,16,2048,GTX 1660,17.3,3.09,4.7,3073.64
Apple,Intel i9,64,512,RTX 4070,13.3,2.93,5.9,4441.48
Acer,Intel i5,32,1024,RTX 3070,16.0,2.89,5.3,2672.47
Lenovo,Intel i5,32,256,RTX 4070,13.3,3.22,5.0,2239.54
Lenovo,Intel i3,4,1024,RTX 3060,16.0,2.86,6.9,2118.28
HP,AMD Ryzen 7,4,128,RTX 4070,17.3,1.73,5.8,2096.99
ASUS,AMD Ryzen 3,64,128,RTX 4070,17.3,2.82,5.7,3019.81
ASUS,Intel i9,32,2048,RTX 3070,13.3,1.91,4.4,4477.9
Acer,Intel i7,8,2048,GTX 1660,16.0,1.76,4.1,2777.16
HP,Intel i5,4,512,GTX 1660,17.3,1.37,4.8,1761.62
Lenovo,AMD Ryzen 7,64,1024,RTX 3050,14.0,2.91,5.4,3007.6
ASUS,Intel i5,32,128,RTX 4070,14.0,2.84,7.4,2302.76
HP,Intel i7,32,2048,GTX 1660,16.0,1.74,8.1,3546.42
MSI,AMD Ryzen 7,8,1024,GTX 1660,13.3,2.92,5.1,2392.87
ASUS,AMD Ryzen 7,64,2048,GTX 1650,17.3,3.31,7.4,4013.43
Apple,Intel i9,32,2048,Integrated,13.3,1.45,6.7,4404.19
MSI,Intel i9,4,128,RTX 3050,14.0,1.74,5.5,2139.36
Samsung,AMD Ryzen 3,8,128,RTX 4060,17.3,2.93,4.1,1837.92
ASUS,AMD Ryzen 3,64,2048,RTX 3050,13.3,1.83,7.7,3512.58
Lenovo,AMD Ryzen 5,8,256,RTX 3050,15.6,2.64,9.5,1585.88
Dell,AMD Ryzen 9,4,2048,RTX 4060,16.0,1.39,5.8,4073.56
MSI,AMD Ryzen 5,64,2048,GTX 1650,16.0,2.24,5.1,3930.09
Samsung,Intel i3,8,512,RTX 4070,15.6,2.9,11.1,2177.53
Acer,Intel i5,16,512,RTX 3070,14.0,2.78,6.2,2225.22
Acer,AMD Ryzen 3,4,512,GTX 1660,17.3,3.07,5.8,1460.93
Lenovo,Intel i9,4,256,Integrated,16.0,3.22,10.9,1467.52
ASUS,Intel i7,4,256,RTX 3060,15.6,2.98,10.5,2092.07
HP,Intel i9,16,2048,RTX 4070,15.6,2.74,7.6,3935.34
ASUS,Intel i5,16,512,RTX 4060,14.0,1.27,7.9,2008.64
Lenovo,AMD Ryzen 5,32,256,RTX 3070,14.0,2.43,5.7,2481.28
Acer,Intel i9,8,128,RTX 4070,13.3,1.29,4.6,2365.82
ASUS,AMD Ryzen 9,32,2048,RTX 4060,16.0,3.06,8.6,3811.08
Acer,Intel i3,8,1024,GTX 1660,13.3,1.94,4.8,1763.16
MSI,Intel i5,16,2048,GTX 1650,15.6,2.49,7.6,3115.58
Samsung,AMD Ryzen 5,16,1024,RTX 4070,17.3,1.84,11.5,2852.08
HP,AMD Ryzen 9,32,512,RTX 4060,17.3,3.0,11.6,3124.37
MSI,Intel i7,64,1024,GTX 1660,14.0,3.24,5.9,3197.11
Acer,AMD Ryzen 5,32,512,GTX 1660,17.3,2.12,9.0,2022.25
Acer,AMD Ryzen 7,8,128,GTX 1650,17.3,3.18,7.8,1379.18
Dell,AMD Ryzen 9,32,1024,RTX 3050,17.3,1.81,11.0,3137.17
Dell,AMD Ryzen 9,4,2048,RTX 4070,15.6,2.43,6.2,3890.91
MSI,Intel i3,8,512,RTX 4070,17.3,3.18,4.0,2388.45
Apple,Intel i5,8,2048,RTX 3050,17.3,1.95,5.3,3551.44
MSI,Intel i7,64,256,Integrated,17.3,3.39,6.8,2568.22
Dell,Intel i3,16,512,Integrated,13.3,1.48,6.5,1105.25
Acer,AMD Ryzen 5,8,1024,RTX 3050,15.6,1.24,10.3,2105.61
Lenovo,Intel i3,16,512,RTX 3070,14.0,3.28,9.4,2254.96
MSI,AMD Ryzen 9,32,2048,RTX 3060,13.3,1.36,6.4,3817.18
Acer,Intel i5,4,128,GTX 1660,16.0,3.48,7.7,1110.61
Lenovo,AMD Ryzen 3,64,512,RTX 3060,15.6,3.39,4.8,2501.02
Lenovo,Intel i3,16,1024,GTX 1660,15.6,1.52,11.2,2049.71
Dell,AMD Ryzen 7,8,256,RTX 3050,16.0,2.44,11.5,1602.34
MSI,Intel i3,16,128,Integrated,16.0,1.63,11.8,1125.52
ASUS,AMD Ryzen 5,8,256,RTX 3070,16.0,2.18,10.9,2115.46
HP,AMD Ryzen 5,16,512,Integrated,14.0,1.34,5.4,1350.8
Dell,Intel i7,8,2048,RTX 3060,17.3,1.72,4.4,3297.59
Dell,AMD Ryzen 5,32,2048,Integrated,15.6,2.04,8.6,2877.2
ASUS,Intel i9,8,1024,RTX 3050,17.3,2.21,11.3,2976.14
HP,Intel i5,8,2048,RTX 3070,17.3,3.45,5.4,3834.32
Acer,Intel i5,4,128,RTX 3060,16.0,3.06,4.1,1640.63
Apple,AMD Ryzen 3,8,2048,RTX 3070,14.0,2.9,10.4,3609.21
MSI,AMD Ryzen 3,4,1024,RTX 4070,13.3,2.44,4.6,2564.84
Apple,Intel i5,64,512,GTX 1660,14.0,3.13,7.3,2793.06
Acer,AMD Ryzen 7,4,512,Integrated,17.3,1.98,9.4,1314.27
Samsung,AMD Ryzen 3,32,2048,RTX 3070,14.0,2.83,5.9,3352.1
Dell,Intel i7,4,256,GTX 1650,16.0,3.49,4.7,1551.11
HP,AMD Ryzen 5,64,512,RTX 4070,13.3,1.92,10.2,2960.21
Dell,Intel i5,32,2048,Integrated,16.0,2.75,9.0,2837.01
Lenovo,AMD Ryzen 9,16,1024,GTX 1660,13.3,3.14,11.9,2723.48
Dell,AMD Ryzen 3,16,2048,RTX 3070,17.3,3.31,6.8,3296.46
Dell,Intel i5,4,512,RTX 3060,13.3,2.85,4.5,1672.93
Acer,Intel i9,4,1024,GTX 1660,13.3,1.85,9.9,2059.48
Acer,Intel i3,64,2048,GTX 1650,13.3,1.95,8.2,3340.89
Acer,AMD Ryzen 5,64,128,RTX 3070,14.0,1.25,5.7,2672.8
Apple,Intel i5,8,1024,RTX 4060,14.0,2.95,10.3,2782.13
Lenovo,Intel i3,64,128,RTX 4060,17.3,1.3,5.6,2520.12
Samsung,AMD Ryzen 3,8,256,RTX 3050,13.3,3.19,6.1,1385.35
Samsung,Intel i3,32,1024,Integrated,15.6,1.47,4.7,2158.3
Acer,AMD Ryzen 5,4,128,RTX 3060,17.3,1.6,7.2,1715.04
HP,Intel i5,32,512,RTX 3050,13.3,2.3,7.4,2081.36
Apple,Intel i9,64,512,RTX 3070,13.3,2.9,8.1,4319.9
ASUS,AMD Ryzen 7,32,256,RTX 4060,14.0,1.52,9.7,2177.02
HP,AMD Ryzen 3,32,1024,RTX 4060,17.3,2.21,11.2,2473.94
MSI,Intel i5,32,1024,RTX 4060,13.3,2.31,5.1,2604.45
MSI,AMD Ryzen 5,64,1024,RTX 3070,13.3,1.69,4.4,3623.49
HP,AMD Ryzen 3,32,256,RTX 4060,17.3,1.47,4.1,2202.42
Acer,Intel i7,8,1024,GTX 1660,15.6,3.12,5.1,2132.9
ASUS,Intel i3,64,512,RTX 4070,17.3,2.36,9.3,2969.31
ASUS,AMD Ryzen 7,32,128,RTX 3070,17.3,1.23,9.8,2607.01
Apple,AMD Ryzen 5,64,512,RTX 3060,15.6,3.05,10.3,3505.62
ASUS,Intel i7,16,512,RTX 4070,17.3,3.46,5.9,2940.92
MSI,AMD Ryzen 9,8,128,RTX 3050,13.3,2.59,6.4,2126.32
Lenovo,Intel i5,32,512,RTX 3060,17.3,2.36,7.9,2530.4
Acer,Intel i9,16,256,RTX 4070,15.6,3.22,4.5,2954.86
ASUS,AMD Ryzen 3,16,128,GTX 1650,16.0,3.39,8.9,1305.59
Apple,Intel i3,64,512,RTX 4060,17.3,2.94,11.9,3342.37
MSI,AMD Ryzen 3,16,2048,GTX 1650,14.0,2.22,6.9,2599.87
Lenovo,AMD Ryzen 7,8,512,Integrated,13.3,2.56,10.0,1238.79
Dell,Intel i5,8,256,Integrated,13.3,2.81,8.0,1058.51
Dell,AMD Ryzen 3,4,1024,RTX 4070,14.0,1.65,5.0,2360.03
Lenovo,Intel i3,8,512,GTX 1650,14.0,2.23,8.7,1425.2
MSI,Intel i5,16,1024,RTX 3070,17.3,3.11,6.4,2892.35
Apple,AMD Ryzen 3,8,2048,RTX 3060,14.0,2.71,4.3,3493.76
Lenovo,Intel i9,64,512,GTX 1650,16.0,2.15,9.1,2809.99
Acer,AMD Ryzen 5,4,128,Integrated,15.6,2.73,10.9,854.81
Acer,Intel i5,16,1024,GTX 1650,14.0,1.47,6.8,2094.38
Dell,AMD Ryzen 5,4,2048,RTX 3070,14.0,2.12,7.1,3244.71
ASUS,AMD Ryzen 9,16,128,GTX 1650,16.0,3.02,11.1,1858.21
Apple,Intel i5,64,128,RTX 3060,13.3,1.71,10.5,2623.08
Dell,Intel i9,4,128,RTX 3050,13.3,1.63,9.7,1848.33
ASUS,AMD Ryzen 5,32,128,RTX 3070,17.3,3.39,6.0,2314.11
ASUS,Intel i7,16,512,Integrated,16.0,1.68,11.3,1749.04
Samsung,Intel i3,32,512,RTX 3060,15.6,1.8,5.2,2260.15
Acer,Intel i7,4,512,GTX 1650,15.6,3.43,9.0,1627.97
MSI,AMD Ryzen 3,32,2048,GTX 1650,16.0,2.89,4.2,3237.26
HP,Intel i9,32,2048,RTX 3050,15.6,2.81,9.1,3759.23
MSI,Intel i7,4,2048,Integrated,13.3,3.16,6.2,2660.33
HP,Intel i5,64,256,Integrated,15.6,1.47,7.6,2076.05
Lenovo,AMD Ryzen 3,32,2048,GTX 1660,15.6,2.82,6.8,2931.28
Acer,AMD Ryzen 3,32,512,Integrated,16.0,2.36,5.4,1493.09
ASUS,Intel i7,64,512,RTX 3050,16.0,3.11,9.0,2783.52
Apple,AMD Ryzen 9,32,256,RTX 4060,15.6,2.37,11.1,3646.59
HP,Intel i7,32,256,GTX 1660,14.0,2.63,11.7,1809.82
MSI,AMD Ryzen 9,32,2048,GTX 1660,16.0,2.3,5.5,3843.8
ASUS,Intel i9,8,1024,GTX 1650,17.3,2.3,9.7,2718.64
HP,Intel i3,64,256,GTX 1650,17.3,2.97,9.3,2122.41
HP,Intel i7,32,128,Integrated,13.3,2.65,6.7,1287.63
Samsung,AMD Ryzen 7,64,512,GTX 1660,15.6,2.66,4.2,2734.06
HP,AMD Ryzen 9,16,128,RTX 4070,14.0,2.24,9.5,2662.14
Apple,Intel i7,16,512,GTX 1650,13.3,2.42,11.6,2531.41
Acer,AMD Ryzen 5,32,512,RTX 3050,15.6,2.92,9.1,2065.35
Apple,Intel i5,64,256,RTX 4070,16.0,3.1,7.5,3491.81
Dell,AMD Ryzen 7,64,256,GTX 1650,17.3,2.8,8.2,2299.08
ASUS,AMD Ryzen 7,64,128,RTX 3070,14.0,3.33,5.6,3120.16
Acer,AMD Ryzen 9,8,512,RTX 3070,17.3,3.09,10.0,2808.32
Samsung,AMD Ryzen 5,16,128,GTX 1650,16.0,2.49,10.0,1365.64
Acer,AMD Ryzen 5,64,1024,GTX 1660,15.6,2.74,5.2,2635.13
Acer,AMD Ryzen 3,64,128,RTX 4060,16.0,3.33,11.0,2465.35
MSI,AMD Ryzen 9,8,2048,RTX 4060,16.0,2.62,6.2,3826.35
Acer,Intel i3,8,128,GTX 1660,17.3,3.1,11.9,1165.46
Samsung,Intel i5,64,2048,RTX 3060,14.0,2.78,7.1,3748.26
Apple,Intel i9,4,2048,RTX 4060,16.0,2.47,5.4,4314.64
Acer,AMD Ryzen 7,64,2048,RTX 3070,17.3,1.76,6.8,4385.14
Lenovo,Intel i9,64,1024,RTX 3050,14.0,2.18,7.5,3541.79
ASUS,Intel i7,8,128,GTX 1660,15.6,3.43,4.6,1520.92
Acer,Intel i7,8,128,Integrated,15.6,2.71,8.6,1074.27
ASUS,Intel i9,64,1024,RTX 3070,13.3,2.5,8.8,3788.89
Lenovo,Intel i7,64,512,RTX 3050,17.3,3.35,9.9,2812.33
Lenovo,Intel i3,64,256,RTX 3050,14.0,2.55,4.2,2003.13
ASUS,AMD Ryzen 5,8,128,GTX 1660,16.0,2.41,8.3,1387.15
HP,Intel i7,64,256,RTX 3050,15.6,2.95,4.4,2596.68
Dell,AMD Ryzen 3,64,1024,GTX 1660,14.0,2.84,9.6,2402.33
MSI,Intel i7,32,512,RTX 4060,17.3,1.64,4.4,2565.7
HP,Intel i5,4,512,GTX 1650,13.3,2.28,11.3,1221.19
HP,Intel i3,16,512,RTX 3070,15.6,2.29,9.6,2195.14
Apple,Intel i5,4,1024,RTX 3060,14.0,2.07,8.1,2890.55
MSI,Intel i5,32,2048,GTX 1650,14.0,2.39,7.5,2895.2
MSI,AMD Ryzen 3,16,2048,RTX 3070,14.0,2.15,5.0,3746.84
HP,Intel i3,64,256,GTX 1660,17.3,1.66,6.3,2008.15
Acer,Intel i3,32,2048,RTX 3070,17.3,2.15,11.0,3962.04
Apple,AMD Ryzen 9,64,2048,RTX 4060,17.3,1.37,11.2,5384.87
Apple,Intel i3,8,512,GTX 1660,16.0,2.52,4.0,1939.51
Lenovo,Intel i3,32,512,GTX 1650,14.0,3.16,8.8,1668.16
Samsung,Intel i3,8,256,Integrated,15.6,2.87,9.8,1049.96
MSI,AMD Ryzen 3,32,128,Integrated,17.3,2.03,8.9,1509.67
HP,Intel i7,32,256,RTX 4070,17.3,1.4,4.7,2943.09
Lenovo,AMD Ryzen 9,8,256,RTX 4070,14.0,1.66,5.7,2568.74
ASUS,Intel i5,16,1024,RTX 3070,17.3,2.45,6.0,2694.76
Dell,Intel i3,4,1024,Integrated,16.0,1.68,10.7,1457.73
Samsung,AMD Ryzen 7,64,256,GTX 1660,16.0,2.45,7.7,2698.27
Samsung,Intel i7,32,256,RTX 3050,17.3,1.73,7.9,2273.08
Samsung,Intel i7,64,256,GTX 1660,14.0,3.15,11.5,2465.69
Apple,Intel i5,8,2048,RTX 3050,14.0,2.11,9.1,3500.41
ASUS,AMD Ryzen 3,64,1024,GTX 1650,14.0,1.76,11.2,2760.29
Samsung,Intel i9,8,256,RTX 3060,13.3,3.07,7.7,2318.05
ASUS,Intel i9,64,512,RTX 3050,17.3,1.99,5.2,3420.43
Acer,Intel i7,4,512,Integrated,14.0,1.46,11.4,1347.49
Samsung,AMD Ryzen 5,4,2048,GTX 1660,16.0,2.51,7.7,2815.08
Dell,AMD Ryzen 5,4,2048,GTX 1650,15.6,2.54,5.5,2593.19
ASUS,Intel i5,4,128,Integrated,15.6,2.84,6.4,1102.54
ASUS,Intel i9,4,128,GTX 1650,14.0,1.75,4.4,1636.2
Dell,Intel i7,4,128,RTX 3060,15.6,2.22,7.7,1915.37
Samsung,AMD Ryzen 3,8,2048,RTX 4060,15.6,1.85,10.8,2886.58
Dell,Intel i9,32,2048,GTX 1660,13.3,1.39,11.5,3321.48
ASUS,Intel i7,64,2048,RTX 3070,16.0,3.22,11.5,4958.55
Dell,Intel i7,4,512,GTX 1660,16.0,2.88,5.0,1853.03
ASUS,Intel i3,8,2048,RTX 4070,13.3,1.89,7.1,3365.36
ASUS,AMD Ryzen 3,8,512,RTX 3060,13.3,2.58,4.2,1777.1
Acer,Intel i3,8,128,GTX 1660,15.6,1.66,10.8,1166.26
HP,Intel i5,32,128,RTX 4070,17.3,3.25,6.9,2563.3
ASUS,Intel i3,64,128,RTX 3070,15.6,1.46,9.0,2453.41
Samsung,AMD Ryzen 7,32,256,RTX 3050,13.3,1.21,9.7,2156.53
Lenovo,Intel i3,16,256,GTX 1650,16.0,2.35,7.4,1416.42
